psmid|articlesequence|fulltitle|aucomposed|atlashubuid
cho_byil_1920-1921_0001_000_0000|1|||
cho_byil_1920-1921_0001_000_0000|2|||
cho_byil_1920-1921_0001_000_0000|3|||
cho_byil_1920-1921_0001_000_0000|4|||
cho_byil_1920-1921_0001_000_0000|5|||
cho_byil_1920-1921_0001_000_0000|6||E. A. Whittuck B.C.L.|
cho_byil_1920-1921_0001_000_0000|7||Sir Erle Richards K.C.S.I., K.C.|
cho_byil_1920-1921_0001_000_0000|8||Sir Geoffrey Butler K.B.E., M.A.|22382775
cho_byil_1920-1921_0001_000_0000|9||A. H. Charteris LL.B.|22207330
cho_byil_1920-1921_0001_000_0000|10|||
cho_byil_1920-1921_0001_000_0000|11|||
cho_byil_1920-1921_0001_000_0000|12|||
cho_byil_1920-1921_0001_000_0000|13||Lieut.-Col. Norman Bentwich|14002025
cho_byil_1920-1921_0001_000_0000|14||Professor A. Pearce Higgins C.B.E., LL.D.|14490121
cho_byil_1920-1921_0001_000_0000|15||Ernest J. Schuster LL.D.|
cho_byil_1920-1921_0001_000_0000|16||Sir John MacDonell K.C.B.|
cho_byil_1920-1921_0001_000_0000|17||W. R. Bisschop D.C.L.|22382818
cho_byil_1920-1921_0001_000_0000|18||Professor A. Pearce Higgins C.B.E., LL.D.|14490121
cho_byil_1920-1921_0001_000_0000|19||C. M. P.|
cho_byil_1920-1921_0001_000_0000|20|||
cho_byil_1920-1921_0001_000_0000|21|||
cho_byil_1920-1921_0001_000_0000|22||Andrew Eric Jackson LL.D., O.B.E., Solicitor|
cho_byil_1920-1921_0001_000_0000|23|||
cho_byil_1920-1921_0001_000_0000|24|||
cho_byil_1931_0012_000_0000|1|||
cho_byil_1931_0012_000_0000|2|||
cho_byil_1931_0012_000_0000|3|||
cho_byil_1931_0012_000_0000|4|||
cho_byil_1931_0012_000_0000|5||Professor J. L. Brierly O.B.E., D.C.L.|22236397
cho_byil_1931_0012_000_0000|6||H. C. Gutteridge K.C., LL.D.|22381442
cho_byil_1931_0012_000_0000|7||H. Lauterpacht LL.D.|19113465
cho_byil_1931_0012_000_0000|8||P. L. Bushe-Fox B.A.|
cho_byil_1931_0012_000_0000|9||Julius Stone B.A., B.C.L., LL.M.|14910473
cho_byil_1931_0012_000_0000|10||Alexander P. Fachiri|22378592
cho_byil_1931_0012_000_0000|11|||
cho_byil_1931_0012_000_0000|12|||
cho_byil_1931_0012_000_0000|13||J. L. Brierly|22236397
cho_byil_1931_0012_000_0000|14|||
cho_byil_1931_0012_000_0000|15|||
cho_byil_1931_0012_000_0000|16||O.|
cho_byil_1931_0012_000_0000|17||G.|
cho_byil_1931_0012_000_0000|18||N. B.|
cho_byil_1931_0012_000_0000|19||N. B.|
cho_byil_1931_0012_000_0000|20||J. F. W.|
cho_byil_1931_0012_000_0000|21||H. A. S.|
cho_byil_1931_0012_000_0000|22||C. A. MacArtney|14716704
cho_byil_1931_0012_000_0000|23|||
cho_byil_1931_0012_000_0000|24||Alexander P. Fachiri|22378592
cho_byil_1931_0012_000_0000|25||James W. Garner|14687412
cho_byil_1931_0012_000_0000|26|||
cho_byil_1931_0012_000_0000|27|||
cho_byil_1931_0012_000_0000|28|||
cho_byil_1931_0012_000_0000|29||James W. Garner|14687412
cho_byil_1931_0012_000_0000|30||J. L. B.|22236397
cho_byil_1931_0012_000_0000|31||C.|
cho_byil_1931_0012_000_0000|31||A. P. H.|
cho_byil_1931_0012_000_0000|31||A. P. H.|
cho_byil_1931_0012_000_0000|31||G. R. W.|
cho_byil_1931_0012_000_0000|31||H. A. S.|
cho_byil_1931_0012_000_0000|31||H. L.|19113465
cho_byil_1931_0012_000_0000|31||J. F. W.|
cho_byil_1931_0012_000_0000|31||J. L. B.|22236397
cho_byil_1931_0012_000_0000|32||Alfred Zimmern|18017488
cho_byil_1931_0012_000_0000|32||W. I. J.|
cho_byil_1931_0012_000_0000|32||C. J. H.|
cho_byil_1931_0012_000_0000|32||J. L. B.|22236397
cho_byil_1931_0012_000_0000|32||A. P. F.|
cho_byil_1931_0012_000_0000|32||Lucy Mair|14768092
cho_byil_1931_0012_000_0000|32||N. B.|
cho_byil_1931_0012_000_0000|32||H. A. S.|
cho_byil_1931_0012_000_0000|32||H. L.|19113465
cho_byil_1931_0012_000_0000|32||A. P. H.|
cho_byil_1931_0012_000_0000|33|||
cho_byil_1931_0012_000_0000|34|||
cho_byil_1949_0026_000_0000|1|||
cho_byil_1949_0026_000_0000|2||Sir Cecil J. B. Hurst G.C.M.G., K.C.B., K.C., LL.D.|14510489
cho_byil_1949_0026_000_0000|3|||
cho_byil_1949_0026_000_0000|4|||
cho_byil_1949_0026_000_0000|5|||
cho_byil_1949_0026_000_0000|6|||
cho_byil_1949_0026_000_0000|7||Sir Eric Beckett K.C.M.G., K.C.|22382765
cho_byil_1949_0026_000_0000|8||John Scott|
cho_byil_1949_0026_000_0000|8||R. B. Finlay|14477156
cho_byil_1949_0026_000_0000|8||Richard E. Webster|
cho_byil_1949_0026_000_0000|8||S. Shepherd|
cho_byil_1949_0026_000_0000|8||Sir Arnold McNair K. C.|22382750
cho_byil_1949_0026_000_0000|8||N. C. Tindal|
cho_byil_1949_0026_000_0000|8||Val. Dale|
cho_byil_1949_0026_000_0000|8||William Aubrey|
cho_byil_1949_0026_000_0000|8||William Drurie|
cho_byil_1949_0026_000_0000|8||Henry Jones|
cho_byil_1949_0026_000_0000|8||Herbert Jenner|
cho_byil_1949_0026_000_0000|8||J. D. Harding|
cho_byil_1949_0026_000_0000|8||Wm. Scott|
cho_byil_1949_0026_000_0000|8||Da. Lewes|
cho_byil_1949_0026_000_0000|8||Christ. Robinson|
cho_byil_1949_0026_000_0000|8||Chs. Wetherall|
cho_byil_1949_0026_000_0000|8||J. Scarlett|
cho_byil_1949_0026_000_0000|8||John Mitford|22350070
cho_byil_1949_0026_000_0000|9||Professor H. Lauterpacht K.C., LL.D., F.B.A.|19113465
cho_byil_1949_0026_000_0000|10||J. E. S. Fawcett M.A.|14516987
cho_byil_1949_0026_000_0000|11||Clive Parry M.A., LL.B.|14867695
cho_byil_1949_0026_000_0000|12||Professor M. Margaret Ball|14385716
cho_byil_1949_0026_000_0000|13||Walter Raeburn K.C., LL.M.|22382827
cho_byil_1949_0026_000_0000|14||R. H. Graveson PH.D., S.J.D., LL.M.|14640801
cho_byil_1949_0026_000_0000|15||J. Mervyn Jones LL.D.|
cho_byil_1949_0026_000_0000|16||F. A. Mann LL.D. (Lond.)|22222021
cho_byil_1949_0026_000_0000|17||Joyce A. C. Gutteridge|22382035
cho_byil_1949_0026_000_0000|18||Felice Morgenstern B.A.|
cho_byil_1949_0026_000_0000|19||A. McDougall|
cho_byil_1949_0026_000_0000|20||G. P. Barton B.A., LL.M.|22380060
cho_byil_1949_0026_000_0000|21|||
cho_byil_1949_0026_000_0000|22||G. Brand|
cho_byil_1949_0026_000_0000|23||A. B. C.|
cho_byil_1949_0026_000_0000|24||A. B. Lyons|
cho_byil_1949_0026_000_0000|25||S. Rosenne|22382732
cho_byil_1949_0026_000_0000|26||J. Mervyn Jones|
cho_byil_1949_0026_000_0000|27||D. P. O'Connell|13855649
cho_byil_1949_0026_000_0000|28|||
cho_byil_1949_0026_000_0000|29||R. Y. Jennings|13707249
cho_byil_1949_0026_000_0000|30||K. Lipstein|13786204
cho_byil_1949_0026_000_0000|31||Clive Parry M.A., LL.B.|14867695
cho_byil_1949_0026_000_0000|32|||
cho_byil_1949_0026_000_0000|33||H. Lauterpacht K.C., LL.D., F.B.A.|19113465
cho_byil_1949_0026_000_0000|33||F. M.|
cho_byil_1949_0026_000_0000|34||H. L.|19113465
cho_byil_1949_0026_000_0000|35||R. Y. Jennings|13707249
cho_byil_1949_0026_000_0000|35||J. L. Brierly|22236397
cho_byil_1949_0026_000_0000|36||Dimitri S.|22379794
cho_byil_1949_0026_000_0000|36||F. M.|
cho_byil_1949_0026_000_0000|37||R. Y. J.|13707249
cho_byil_1949_0026_000_0000|37||C. John Colombos LL.D.|22375675
cho_byil_1949_0026_000_0000|38||L. M. Goodrich|14677396
cho_byil_1949_0026_000_0000|38||E. Hambro|22234304
cho_byil_1949_0026_000_0000|38||F. M.|
cho_byil_1949_0026_000_0000|39||A. Gm?r|
cho_byil_1949_0026_000_0000|39||K. Lipstein|13786204
cho_byil_1949_0026_000_0000|39||Dr. Edwin|
cho_byil_1949_0026_000_0000|40||N. Feinberg|20742115
cho_byil_1949_0026_000_0000|40||Norman Bentwich|14002025
cho_byil_1949_0026_000_0000|40||J. Stoyanovsky|
cho_byil_1949_0026_000_0000|41||H. L.|19113465
cho_byil_1949_0026_000_0000|41||Charles G. Fenwick|14480672
cho_byil_1949_0026_000_0000|42||A. N. Makarov|
cho_byil_1949_0026_000_0000|42||K. L.|
cho_byil_1949_0026_000_0000|43||K. Lipstein|13786204
cho_byil_1949_0026_000_0000|43||Riccardo Monaco|22382483
cho_byil_1949_0026_000_0000|44||F. M.|
cho_byil_1949_0026_000_0000|44||R. Nathan-Chapotot|
cho_byil_1949_0026_000_0000|45||F. M.|
cho_byil_1949_0026_000_0000|46||H. L.|19113465
cho_byil_1949_0026_000_0000|47||K. Lipstein|13786204
cho_byil_1949_0026_000_0000|47||Erwin Riezler|22379972
cho_byil_1949_0026_000_0000|48||J. J. Van Der Lee|
cho_byil_1949_0026_000_0000|48||Andreas H. Roth|
cho_byil_1949_0026_000_0000|49||Georg Schwarzenberger Ph.D., Dr.Jur.|13975927
cho_byil_1949_0026_000_0000|50||H. Lauterpacht|19113465
cho_byil_1949_0026_000_0000|51||Karl-Gerhard Seeliger|
cho_byil_1949_0026_000_0000|51||E. H. Loewenfeld|
cho_byil_1949_0026_000_0000|52||H. L.|19113465
cho_byil_1949_0026_000_0000|53||G. M. Ubertazzi|22380042
cho_byil_1949_0026_000_0000|53||K. Lipstein|13786204
cho_byil_1949_0026_000_0000|54||K. Lipstein|13786204
cho_byil_1949_0026_000_0000|54||Manlio Udina|
cho_byil_1949_0026_000_0000|55||H. L.|19113465
cho_byil_1949_0026_000_0000|56|||
cho_byil_1949_0026_000_0000|57|||
cho_byil_1949_0026_000_0000|58|||
cho_diax_1937_0000_000_0000|1|||
cho_diax_1937_0000_000_0000|2|||
cho_diax_1937_0000_000_0000|3|||
cho_diax_1937_0000_000_0000|4||Stephen Heald|22212635
cho_diax_1937_0000_000_0000|5|||
cho_diax_1937_0000_000_0000|6|||
cho_diax_1937_0000_000_0000|7|||
cho_diax_1937_0000_000_0000|8|||
cho_diax_1937_0000_000_0000|9|||
cho_diax_1937_0000_000_0000|10|||
cho_diax_1937_0000_000_0000|11|||
cho_diax_1937_0000_000_0000|12|||
cho_diax_1937_0000_000_0000|13|||
cho_diax_1937_0000_000_0000|14||Rt. Hon. Anthony Eden|13028787
cho_diax_1937_0000_000_0000|15||Rt. Hon. Anthony Eden|13028787
cho_diax_1937_0000_000_0000|16||Rt. Hon. The Earl of Plymouth|22385706
cho_diax_1937_0000_000_0000|17||Rt. Hon. Anthony Eden|13028787
cho_diax_1937_0000_000_0000|18||Rt. Hon. Viscount Halifax|13739510
cho_diax_1937_0000_000_0000|19||Rt. Hon. Neville Chamberlain|13018998
cho_diax_1937_0000_000_0000|20||Rt. Hon. Anthony Eden|13028787
cho_diax_1937_0000_000_0000|21||Rt. Hon. Anthony Eden|13028787
cho_diax_1937_0000_000_0000|22||Rt. Hon. Neville Chamberlain|13018998
cho_diax_1937_0000_000_0000|23||Rt. Hon. Anthony Eden|13028787
cho_diax_1937_0000_000_0000|24||Rt. Hon. Anthony Eden|13028787
cho_diax_1937_0000_000_0000|25||Rt. Hon. Neville Chamberlain|13018998
cho_diax_1937_0000_000_0000|26||Rt. Hon. Anthony Eden|13028787
cho_diax_1937_0000_000_0000|27||Rt. Hon. Neville Chamberlain|13018998
cho_diax_1937_0000_000_0000|28||Rt. Hon. Neville Chamberlain|13018998
cho_diax_1937_0000_000_0000|29||Rt. Hon. Neville Chamberlain|13018998
cho_diax_1937_0000_000_0000|30||Rt. Hon. Anthony Eden|13028787
cho_diax_1937_0000_000_0000|31|||
cho_diax_1937_0000_000_0000|32||Rt. Hon. Sir Samuel Hoare|13687643
cho_diax_1937_0000_000_0000|33||Signor Mussolini|13025133
cho_diax_1937_0000_000_0000|34||Rt. Hon. Anthony Eden|13028787
cho_diax_1937_0000_000_0000|35||Signor Mussolini|13025133
cho_diax_1937_0000_000_0000|36||Eric Drummond|13701181
cho_diax_1937_0000_000_0000|36||G. Clano|
cho_diax_1937_0000_000_0000|37||M. Delbos|14959464
cho_diax_1937_0000_000_0000|38||Rt. Hon. Anthony Eden|13028787
cho_diax_1937_0000_000_0000|39||Viscount Craneborne|14685371
cho_diax_1937_0000_000_0000|40||Rt. Hon. Anthony Eden|13028787
cho_diax_1937_0000_000_0000|41||Rt. Hon. Anthony Eden|13028787
cho_diax_1937_0000_000_0000|42|||
cho_diax_1937_0000_000_0000|43||Signor Mussolini|13025133
cho_diax_1937_0000_000_0000|44||Rt. Hon. Anthony Eden|13028787
cho_diax_1937_0000_000_0000|45||Rt. Hon. Neville Chamberlain|13018998
cho_diax_1937_0000_000_0000|46||Rt. Hon. Neville Chamberlain|13018998
cho_diax_1937_0000_000_0000|47||Rt. Hon. Anthony Eden|13028787
cho_diax_1937_0000_000_0000|48||Viscount Cranborne|14685371
cho_diax_1937_0000_000_0000|49|||
cho_diax_1937_0000_000_0000|50|||
cho_diax_1937_0000_000_0000|51|||
cho_diax_1937_0000_000_0000|52||M. L?on Blum|13686985
cho_diax_1937_0000_000_0000|53||M. Delbos|14959464
cho_diax_1937_0000_000_0000|54||M. Camile Chautemps|15053005
cho_diax_1937_0000_000_0000|55|||
cho_diax_1937_0000_000_0000|56|||
cho_diax_1937_0000_000_0000|57|||
cho_diax_1937_0000_000_0000|58|||
cho_diax_1937_0000_000_0000|59|||
cho_diax_1937_0000_000_0000|60|||
cho_diax_1937_0000_000_0000|61|||
cho_diax_1937_0000_000_0000|62|||
cho_diax_1937_0000_000_0000|63|||
cho_diax_1937_0000_000_0000|64|||
cho_diax_1937_0000_000_0000|65||Herr Hitler|13002742
cho_diax_1937_0000_000_0000|66||Dr. Josef Goebbels|13035791
cho_diax_1937_0000_000_0000|67||Dr. Frank|13704687
cho_diax_1937_0000_000_0000|68|||
cho_diax_1937_0000_000_0000|69|||
cho_diax_1937_0000_000_0000|70||Dr. Frick|13700690
cho_diax_1937_0000_000_0000|71|||
cho_diax_1937_0000_000_0000|72|||
cho_diax_1937_0000_000_0000|73||Herr Hitler|13002742
cho_diax_1937_0000_000_0000|74|||
cho_diax_1937_0000_000_0000|75||Baron Von Neurath|14478163
cho_diax_1937_0000_000_0000|75||Vicomte Davignon|14115620
cho_diax_1937_0000_000_0000|76|||
cho_diax_1937_0000_000_0000|77|||
cho_diax_1937_0000_000_0000|78|||
cho_diax_1937_0000_000_0000|79|||
cho_diax_1937_0000_000_0000|80|||
cho_diax_1937_0000_000_0000|81|||
cho_diax_1937_0000_000_0000|82|||
cho_diax_1937_0000_000_0000|83|||
cho_diax_1937_0000_000_0000|84|||
cho_diax_1937_0000_000_0000|85|||
cho_diax_1937_0000_000_0000|86|||
cho_diax_1937_0000_000_0000|87|||
cho_diax_1937_0000_000_0000|88|||
cho_diax_1937_0000_000_0000|89|||
cho_diax_1937_0000_000_0000|90|||
cho_diax_1937_0000_000_0000|91|||
cho_diax_1937_0000_000_0000|92|||
cho_diax_1937_0000_000_0000|93|||
cho_diax_1937_0000_000_0000|94|||
cho_diax_1937_0000_000_0000|95|||
cho_diax_1937_0000_000_0000|96||Signor Mussolini|13025133
cho_diax_1937_0000_000_0000|97|||
cho_diax_1937_0000_000_0000|98||Signor Mussolini|13025133
cho_diax_1937_0000_000_0000|99||Signor Mussolini|13025133
cho_diax_1937_0000_000_0000|100||Count Ciano|14340838
cho_diax_1937_0000_000_0000|101||Signor Lessona|22385738
cho_diax_1937_0000_000_0000|102||Signor Mussolini|13025133
cho_diax_1937_0000_000_0000|103||Count Ciano|14340838
cho_diax_1937_0000_000_0000|104||Signor Mussolini|13025133
cho_diax_1937_0000_000_0000|105||Signor Mussolini|13025133
cho_diax_1937_0000_000_0000|106||Signor Mussolini|13025133
cho_diax_1937_0000_000_0000|107|||
cho_diax_1937_0000_000_0000|108|||
cho_diax_1937_0000_000_0000|109|||
cho_diax_1937_0000_000_0000|110|||
cho_diax_1937_0000_000_0000|111|||
cho_diax_1937_0000_000_0000|112|||
cho_diax_1937_0000_000_0000|113|||
cho_diax_1937_0000_000_0000|114||Count Ciano|14340838
cho_diax_1937_0000_000_0000|115|||
cho_diax_1937_0000_000_0000|116|||
cho_diax_1937_0000_000_0000|117|||
cho_diax_1937_0000_000_0000|118|||
cho_diax_1937_0000_000_0000|119|||
cho_diax_1937_0000_000_0000|120||Dr. Von Schuschnigg|13656702
cho_diax_1937_0000_000_0000|121||Dr. Von Schuschnigg|13656702
cho_diax_1937_0000_000_0000|122||Dr. Guido Schmidt|22383051
cho_diax_1937_0000_000_0000|123|||
cho_diax_1937_0000_000_0000|124|||
cho_diax_1937_0000_000_0000|125|||
cho_diax_1937_0000_000_0000|126|||
cho_diax_1937_0000_000_0000|127|||
cho_diax_1937_0000_000_0000|128||M. Dar?nyi|15003917
cho_diax_1937_0000_000_0000|129||M. De K?nya|22384620
cho_diax_1937_0000_000_0000|130|||
cho_diax_1937_0000_000_0000|131|||
cho_diax_1937_0000_000_0000|132|||
cho_diax_1937_0000_000_0000|133|||
cho_diax_1937_0000_000_0000|134|||
cho_diax_1937_0000_000_0000|135||Dr. Stoyadinovic|14902603
cho_diax_1937_0000_000_0000|135||General Metaxas|13735291
cho_diax_1937_0000_000_0000|136|||
cho_diax_1937_0000_000_0000|137|||
cho_diax_1937_0000_000_0000|138|||
cho_diax_1937_0000_000_0000|139||Dr. Krofta|22383053
cho_diax_1937_0000_000_0000|140||Dr. Bene?|13670321
cho_diax_1937_0000_000_0000|141|||
cho_diax_1937_0000_000_0000|142|||
cho_diax_1937_0000_000_0000|143|||
cho_diax_1937_0000_000_0000|144||M. Antonescu|13682851
cho_diax_1937_0000_000_0000|145||M. Tatarescu|15017425
cho_diax_1937_0000_000_0000|146|||
cho_diax_1937_0000_000_0000|147|||
cho_diax_1937_0000_000_0000|148|||
cho_diax_1937_0000_000_0000|149|||
cho_diax_1937_0000_000_0000|150|||
cho_diax_1937_0000_000_0000|151||Dr. Stoyadinovic|14902603
cho_diax_1937_0000_000_0000|152|||
cho_diax_1937_0000_000_0000|153|||
cho_diax_1937_0000_000_0000|154|||
cho_diax_1937_0000_000_0000|155||M. Kioss?ivanoff|22384626
cho_diax_1937_0000_000_0000|156|||
cho_diax_1937_0000_000_0000|157||M. Kioss?ivanoff|22384626
cho_diax_1937_0000_000_0000|157||Dr. Stoyadinovic|14902603
cho_diax_1937_0000_000_0000|158|||
cho_diax_1937_0000_000_0000|159||Boris|13685625
cho_diax_1937_0000_000_0000|159||Paul|
cho_diax_1937_0000_000_0000|160||M. Kioss?ivanoff|22384626
cho_diax_1937_0000_000_0000|161|||
cho_diax_1937_0000_000_0000|162|||
cho_diax_1937_0000_000_0000|163||General Ismet In?n?|13706425
cho_diax_1937_0000_000_0000|164||H. E. Kem?l Atar?rk|13006964
cho_diax_1937_0000_000_0000|165|||
cho_diax_1937_0000_000_0000|166|||
cho_diax_1937_0000_000_0000|167|||
cho_diax_1937_0000_000_0000|168|||
cho_diax_1937_0000_000_0000|169|||
cho_diax_1937_0000_000_0000|170|||
cho_diax_1937_0000_000_0000|171|||
cho_diax_1937_0000_000_0000|172|||
cho_diax_1937_0000_000_0000|173|||
cho_diax_1937_0000_000_0000|174|||
cho_diax_1937_0000_000_0000|175|||
cho_diax_1937_0000_000_0000|176|||
cho_diax_1937_0000_000_0000|177||M. Litvinov|13734165
cho_diax_1937_0000_000_0000|178|||
cho_diax_1937_0000_000_0000|179|||
cho_diax_1937_0000_000_0000|180|||
cho_diax_1937_0000_000_0000|181|||
cho_diax_1937_0000_000_0000|182|||
cho_diax_1937_0000_000_0000|183|||
cho_diax_1937_0000_000_0000|184|||
cho_diax_1937_0000_000_0000|185|||
cho_diax_1937_0000_000_0000|186|||
cho_diax_1937_0000_000_0000|187|||
cho_diax_1937_0000_000_0000|188|||
cho_diax_1937_0000_000_0000|189||Tevfik R?st? Aras|22386549
cho_diax_1937_0000_000_0000|190|||
cho_diax_1937_0000_000_0000|191|||
cho_diax_1937_0000_000_0000|192||M. Vi?not|22221373
cho_diax_1937_0000_000_0000|193|||
cho_diax_1937_0000_000_0000|194|||
cho_diax_1937_0000_000_0000|195|||
cho_diax_1937_0000_000_0000|196||The Rt. Hon. Anthony Eden|13028787
cho_diax_1937_0000_000_0000|197|||
cho_diax_1937_0000_000_0000|198|||
cho_diax_1937_0000_000_0000|199|||
cho_diax_1937_0000_000_0000|200|||
cho_diax_1937_0000_000_0000|201|||
cho_diax_1937_0000_000_0000|202|||
cho_diax_1937_0000_000_0000|203|||
cho_diax_1937_0000_000_0000|204|||
cho_diax_1937_0000_000_0000|205|||
cho_diax_1937_0000_000_0000|206|||
cho_diax_1937_0000_000_0000|207||General Ismet In?n?|13706425
cho_diax_1937_0000_000_0000|208||Hr. Unden|15022328
cho_diax_1937_0000_000_0000|209|||
cho_diax_1937_0000_000_0000|210|||
cho_diax_1937_0000_000_0000|211|||
cho_diax_1937_0000_000_0000|212|||
cho_diax_1937_0000_000_0000|213|||
cho_diax_1937_0000_000_0000|214|||
cho_diax_1937_0000_000_0000|215|||
cho_diax_1937_0000_000_0000|216|||
cho_diax_1937_0000_000_0000|217|||
cho_diax_1937_0000_000_0000|218|||
cho_diax_1937_0000_000_0000|219|||
cho_diax_1937_0000_000_0000|220|||
cho_diax_1937_0000_000_0000|221|||
cho_diax_1937_0000_000_0000|222|||
cho_diax_1937_0000_000_0000|223|||
cho_diax_1937_0000_000_0000|224|||
cho_diax_1937_0000_000_0000|225|||
cho_diax_1937_0000_000_0000|226|||
cho_diax_1937_0000_000_0000|227|||
cho_diax_1937_0000_000_0000|228|||
cho_diax_1937_0000_000_0000|229|||
cho_diax_1937_0000_000_0000|230|||
cho_diax_1937_0000_000_0000|231|||
cho_diax_1937_0000_000_0000|232|||
cho_diax_1937_0000_000_0000|233||Mr. William C. Bullitt|14394426
cho_diax_1937_0000_000_0000|234||Mr. James W. Gerard|14562609
cho_diax_1937_0000_000_0000|235||Mr. R. W. Bingham|14399697
cho_diax_1937_0000_000_0000|236||Mr. Summer Welles|13726238
cho_diax_1937_0000_000_0000|237||Mr. Cordell Hull|13739377
cho_diax_1937_0000_000_0000|238|||
cho_diax_1937_0000_000_0000|239|||
cho_diax_1937_0000_000_0000|240|||
cho_diax_1937_0000_000_0000|241|||
cho_diax_1937_0000_000_0000|242|||
cho_diax_1937_0000_000_0000|243|||
cho_diax_1937_0000_000_0000|244||Franklin D. Roosevelt|13035990
cho_diax_1937_0000_000_0000|245|||
cho_diax_1937_0000_000_0000|246|||
cho_diax_1937_0000_000_0000|247|||
cho_diax_1937_0000_000_0000|248|||
cho_diax_1937_0000_000_0000|249|||
cho_diax_1937_0000_000_0000|250|||
cho_diax_1937_0000_000_0000|251||Mr. Koki Hirota|22384832
cho_diax_1937_0000_000_0000|252||Mr. Hachiro Arita|22384830
cho_diax_1937_0000_000_0000|253|||
cho_diax_1937_0000_000_0000|254||Mr. Hachiro Arita|22384830
cho_diax_1937_0000_000_0000|255||Mr. Naotak? Sato|22384834
cho_diax_1937_0000_000_0000|256|||
cho_diax_1937_0000_000_0000|257|||
cho_diax_1937_0000_000_0000|258|||
cho_diax_1937_0000_000_0000|259|||
cho_diax_1937_0000_000_0000|260||General Sugiyama|14921378
cho_diax_1937_0000_000_0000|261|||
cho_diax_1937_0000_000_0000|262|||
cho_diax_1937_0000_000_0000|263|||
cho_diax_1937_0000_000_0000|264||Mr. Koki Hirota|22384832
cho_diax_1937_0000_000_0000|265|||
cho_diax_1937_0000_000_0000|266|||
cho_diax_1937_0000_000_0000|267|||
cho_diax_1937_0000_000_0000|268|||
cho_diax_1937_0000_000_0000|269|||
cho_diax_1937_0000_000_0000|270|||
cho_diax_1937_0000_000_0000|271|||
cho_diax_1937_0000_000_0000|272|||
cho_diax_1937_0000_000_0000|273||Dr. Wellington Koo|13729716
cho_diax_1937_0000_000_0000|274|||
cho_diax_1937_0000_000_0000|275|||
cho_diax_1937_0000_000_0000|276|||
cho_diax_1937_0000_000_0000|277|||
cho_diax_1937_0000_000_0000|278|||
cho_diax_1937_0000_000_0000|279|||
cho_diax_1937_0000_000_0000|280|||
cho_diax_1937_0000_000_0000|281||Lord Cranborne|14685371
cho_diax_1937_0000_000_0000|282|||
cho_diax_1937_0000_000_0000|283|||
cho_diax_1937_0000_000_0000|284|||
cho_diax_1937_0000_000_0000|285|||
cho_diax_1937_0000_000_0000|286|||
cho_diax_1937_0000_000_0000|287|||
cho_diax_1937_0000_000_0000|288|||
cho_diax_1937_0000_000_0000|289|||
cho_diax_1937_0000_000_0000|290|||
cho_diax_1937_0000_000_0000|291|||
cho_diax_1937_0000_000_0000|292|||
cho_diax_1937_0000_000_0000|293|||
cho_diax_1937_0000_000_0000|294|||
cho_diax_1937_0000_000_0000|295|||
cho_diax_1937_0000_000_0000|296|||
cho_diax_1937_0000_000_0000|297|||
cho_diax_1937_0000_000_0000|298|||
cho_diax_1937_0000_000_0000|299|||
cho_diax_1937_0000_000_0000|300|||
cho_diax_1937_0000_000_0000|301||Dr. Wellington Koo|13729716
cho_diax_1937_0000_000_0000|302|||
cho_diax_1937_0000_000_0000|303|||
cho_diax_1937_0000_000_0000|304||Dr. Wellington Koo|13729716
cho_diax_1937_0000_000_0000|305|||
cho_diax_1937_0000_000_0000|306|||
cho_diax_1937_0000_000_0000|307||Prince Konoe|13688515
cho_diax_1937_0000_000_0000|308||M. Litvinov|13734165
cho_diax_1937_0000_000_0000|309|||
cho_diax_1937_0000_000_0000|310|||
cho_diax_1937_0000_000_0000|311|||
cho_diax_1937_0000_000_0000|312|||
cho_diax_1937_0000_000_0000|313|||
cho_diax_1937_0000_000_0000|314|||
cho_diax_1937_0000_000_0000|315|||
cho_diax_1937_0000_000_0000|316|||
cho_diax_1937_0000_000_0000|317|||
cho_diax_1937_0000_000_0000|318|||
cho_diax_1937_0000_000_0000|319|||
cho_diax_1937_0000_000_0000|320|||
cho_diax_1937_0000_000_0000|321|||
cho_diax_1937_0000_000_0000|322|||
cho_diax_1937_0000_000_0000|323|||
cho_diax_1937_0000_000_0000|324|||
cho_diax_1937_0000_000_0000|325|||
cho_diax_1937_0000_000_0000|326|||
cho_diax_1937_0000_000_0000|327|||
cho_diax_1937_0000_000_0000|328|||
cho_diax_1960_0000_000_0000|1|||
cho_diax_1960_0000_000_0000|2|||
cho_diax_1960_0000_000_0000|3|||
cho_diax_1960_0000_000_0000|4||Geoffrey Warner|22349828
cho_diax_1960_0000_000_0000|4||John Major|13017693
cho_diax_1960_0000_000_0000|4||Richard Gott|14669398
cho_diax_1960_0000_000_0000|5|||
cho_diax_1960_0000_000_0000|6|||
cho_diax_1960_0000_000_0000|7|||
cho_diax_1960_0000_000_0000|8|||
cho_diax_1960_0000_000_0000|9|||
cho_diax_1960_0000_000_0000|10||Dr. Adenauer|13003147
cho_diax_1960_0000_000_0000|11||Mr. Selwyn Lloyd|13738091
cho_diax_1960_0000_000_0000|12|||
cho_diax_1960_0000_000_0000|13|||
cho_diax_1960_0000_000_0000|14||Mr. Herter|13657015
cho_diax_1960_0000_000_0000|15||Mr. Dillon|14963970
cho_diax_1960_0000_000_0000|16|||
cho_diax_1960_0000_000_0000|17|||
cho_diax_1960_0000_000_0000|18|||
cho_diax_1960_0000_000_0000|19|||
cho_diax_1960_0000_000_0000|20|||
cho_diax_1960_0000_000_0000|21|||
cho_diax_1960_0000_000_0000|22||Mr. Herter|13657015
cho_diax_1960_0000_000_0000|23|||
cho_diax_1960_0000_000_0000|24|||
cho_diax_1960_0000_000_0000|25|||
cho_diax_1960_0000_000_0000|26||Mr. Khrushchev|13009820
cho_diax_1960_0000_000_0000|27||Eisenhower|13029039
cho_diax_1960_0000_000_0000|28|||
cho_diax_1960_0000_000_0000|29|||
cho_diax_1960_0000_000_0000|30|||
cho_diax_1960_0000_000_0000|31|||
cho_diax_1960_0000_000_0000|32||Mr. MacMillan|
cho_diax_1960_0000_000_0000|33|||
cho_diax_1960_0000_000_0000|34||de Gaulle|13034696
cho_diax_1960_0000_000_0000|35|||
cho_diax_1960_0000_000_0000|36|||
cho_diax_1960_0000_000_0000|37|||
cho_diax_1960_0000_000_0000|38|||
cho_diax_1960_0000_000_0000|39|||
cho_diax_1960_0000_000_0000|40||Dwight D. Eisenhower|13029039
cho_diax_1960_0000_000_0000|41|||
cho_diax_1960_0000_000_0000|42|||
cho_diax_1960_0000_000_0000|43|||
cho_diax_1960_0000_000_0000|44|||
cho_diax_1960_0000_000_0000|45|||
cho_diax_1960_0000_000_0000|46|||
cho_diax_1960_0000_000_0000|47|||
cho_diax_1960_0000_000_0000|48|||
cho_diax_1960_0000_000_0000|49|||
cho_diax_1960_0000_000_0000|50|||
cho_diax_1960_0000_000_0000|51|||
cho_diax_1960_0000_000_0000|52||Mr. Herter|13657015
cho_diax_1960_0000_000_0000|53|||
cho_diax_1960_0000_000_0000|54|||
cho_diax_1960_0000_000_0000|55|||
cho_diax_1960_0000_000_0000|56|||
cho_diax_1960_0000_000_0000|57|||
cho_diax_1960_0000_000_0000|58||N. Khrushchev|13009820
cho_diax_1960_0000_000_0000|59|||
cho_diax_1960_0000_000_0000|60|||
cho_diax_1960_0000_000_0000|61|||
cho_diax_1960_0000_000_0000|62|||
cho_diax_1960_0000_000_0000|63|||
cho_diax_1960_0000_000_0000|64|||
cho_diax_1960_0000_000_0000|65|||
cho_diax_1960_0000_000_0000|66||Eisenhower|13029039
cho_diax_1960_0000_000_0000|66||Mr. MacMillan|
cho_diax_1960_0000_000_0000|67||Mr. Tsarapkin|22382212
cho_diax_1960_0000_000_0000|68|||
cho_diax_1960_0000_000_0000|69|||
cho_diax_1960_0000_000_0000|70||Mr. Tsarapkin|22382212
cho_diax_1960_0000_000_0000|71|||
cho_diax_1960_0000_000_0000|72|||
cho_diax_1960_0000_000_0000|73|||
cho_diax_1960_0000_000_0000|74|||
cho_diax_1960_0000_000_0000|75|||
cho_diax_1960_0000_000_0000|76||Mr. Watkinson|22382214
cho_diax_1960_0000_000_0000|77|||
cho_diax_1960_0000_000_0000|78|||
cho_diax_1960_0000_000_0000|79||F. Ruge|22379977
cho_diax_1960_0000_000_0000|80||Mr. MacMillan|
cho_diax_1960_0000_000_0000|81||General Norstad|14188568
cho_diax_1960_0000_000_0000|82|||
cho_diax_1960_0000_000_0000|83|||
cho_diax_1960_0000_000_0000|84||Dwight D. Eisenhower|13029039
cho_diax_1960_0000_000_0000|85|||
cho_diax_1960_0000_000_0000|86||President Eisenhower|13029039
cho_diax_1960_0000_000_0000|87|||
cho_diax_1960_0000_000_0000|88|||
cho_diax_1960_0000_000_0000|89||Dr. Adenauer|13003147
cho_diax_1960_0000_000_0000|90||Mr. Selwyn Lloyd|13738091
cho_diax_1960_0000_000_0000|91|||
cho_diax_1960_0000_000_0000|92|||
cho_diax_1960_0000_000_0000|93|||
cho_diax_1960_0000_000_0000|94|||
cho_diax_1960_0000_000_0000|95|||
cho_diax_1960_0000_000_0000|96|||
cho_diax_1960_0000_000_0000|97|||
cho_diax_1960_0000_000_0000|98|||
cho_diax_1960_0000_000_0000|99||Mr. Heath|
cho_diax_1960_0000_000_0000|100|||
cho_diax_1960_0000_000_0000|101|||
cho_diax_1960_0000_000_0000|102||Mr. Dillon|14963970
cho_diax_1960_0000_000_0000|103|||
cho_diax_1960_0000_000_0000|104|||
cho_diax_1960_0000_000_0000|105|||
cho_diax_1960_0000_000_0000|106||Gastone Guidotti|22380067
cho_diax_1960_0000_000_0000|107||Bruno Kreisky|13011596
cho_diax_1960_0000_000_0000|108|||
cho_diax_1960_0000_000_0000|109|||
cho_diax_1960_0000_000_0000|110||Mr. Kang Sheng|13990663
cho_diax_1960_0000_000_0000|111|||
cho_diax_1960_0000_000_0000|112|||
cho_diax_1960_0000_000_0000|113||Mr. Otto Kuusinen|14659385
cho_diax_1960_0000_000_0000|114|||
cho_diax_1960_0000_000_0000|115|||
cho_diax_1960_0000_000_0000|116||Edvard Kardelj|22300396
cho_diax_1960_0000_000_0000|117|||
cho_diax_1960_0000_000_0000|118|||
cho_diax_1960_0000_000_0000|119|||
cho_diax_1960_0000_000_0000|120||Mr. Wadsworth|15068747
cho_diax_1960_0000_000_0000|121|||
cho_diax_1960_0000_000_0000|122|||
cho_diax_1960_0000_000_0000|123||Mr. Khrushchev|13009820
cho_diax_1960_0000_000_0000|124|||
cho_diax_1960_0000_000_0000|125|||
cho_diax_1960_0000_000_0000|126|||
cho_diax_1960_0000_000_0000|127|||
cho_diax_1960_0000_000_0000|128|||
cho_diax_1960_0000_000_0000|129|||
cho_diax_1960_0000_000_0000|130||M. Lumumba|13734430
cho_diax_1960_0000_000_0000|131|||
cho_diax_1960_0000_000_0000|132||M. Eyskens|22382052
cho_diax_1960_0000_000_0000|133||Mr. MacMillan|
cho_diax_1960_0000_000_0000|134|||
cho_diax_1960_0000_000_0000|135|||
cho_diax_1960_0000_000_0000|136|||
cho_diax_1960_0000_000_0000|137|||
cho_diax_1960_0000_000_0000|138|||
cho_diax_1960_0000_000_0000|139|||
cho_diax_1960_0000_000_0000|140||Mr. MacMillan|
cho_diax_1960_0000_000_0000|141|||
cho_diax_1960_0000_000_0000|142||N. Khrushchov|13009820
cho_diax_1960_0000_000_0000|143|||
cho_diax_1960_0000_000_0000|144||Mr. Hammarskj?ld|13656914
cho_diax_1960_0000_000_0000|145||Mr. Herter|13657015
cho_diax_1960_0000_000_0000|146|||
cho_diax_1960_0000_000_0000|147|||
cho_diax_1960_0000_000_0000|148||Mr. Hammarskj?ld|13656914
cho_diax_1960_0000_000_0000|149|||
cho_diax_1960_0000_000_0000|150||A. Delvaux|
cho_diax_1960_0000_000_0000|150||President Kasavubu|13707481
cho_diax_1960_0000_000_0000|150||J. Bomboko|22350066
cho_diax_1960_0000_000_0000|151||President Eisenhower|13029039
cho_diax_1960_0000_000_0000|152|||
cho_diax_1960_0000_000_0000|153|||
cho_diax_1960_0000_000_0000|154||Colonel Mobutu|13022936
cho_diax_1960_0000_000_0000|155|||
cho_diax_1960_0000_000_0000|156|||
cho_diax_1960_0000_000_0000|157|||
cho_diax_1960_0000_000_0000|158|||
cho_diax_1960_0000_000_0000|159|||
cho_diax_1960_0000_000_0000|160|||
cho_diax_1960_0000_000_0000|161|||
cho_diax_1960_0000_000_0000|162|||
cho_diax_1960_0000_000_0000|163|||
cho_diax_1960_0000_000_0000|164|||
cho_diax_1960_0000_000_0000|165|||
cho_diax_1960_0000_000_0000|166||Mr. Hammarskj?ld|13656914
cho_diax_1960_0000_000_0000|167|||
cho_diax_1960_0000_000_0000|168|||
cho_diax_1960_0000_000_0000|169||M. L?on Mba|22382098
cho_diax_1960_0000_000_0000|170|||
cho_diax_1960_0000_000_0000|171|||
cho_diax_1960_0000_000_0000|172||M. L?opold Senghor|13722581
cho_diax_1960_0000_000_0000|173|||
cho_diax_1960_0000_000_0000|174|||
cho_diax_1960_0000_000_0000|175||M. Mamadou Aw|
cho_diax_1960_0000_000_0000|176|||
cho_diax_1960_0000_000_0000|177|||
cho_diax_1960_0000_000_0000|178||Mr. MacMillan|
cho_diax_1960_0000_000_0000|179|||
cho_diax_1960_0000_000_0000|180|||
cho_diax_1960_0000_000_0000|181|||
cho_diax_1960_0000_000_0000|182||Mr. Ako Adjei|22382207
cho_diax_1960_0000_000_0000|183||Mr. Yusuff Maitima|22382216
cho_diax_1960_0000_000_0000|184|||
cho_diax_1960_0000_000_0000|185||M. Sekou Tour?|13008530
cho_diax_1960_0000_000_0000|185||Dr. Nkrumah|13744097
cho_diax_1960_0000_000_0000|185||M. Modibo Keita|13688380
cho_diax_1960_0000_000_0000|186|||
cho_diax_1960_0000_000_0000|187||Mr. Hammarskj?ld|13656914
cho_diax_1960_0000_000_0000|188||President Eisenhower|13029039
cho_diax_1960_0000_000_0000|189||Dr. Nkrumah|13744097
cho_diax_1960_0000_000_0000|190||Mr. Khrushchev|13009820
cho_diax_1960_0000_000_0000|191|||
cho_diax_1960_0000_000_0000|192|||
cho_diax_1960_0000_000_0000|193||President Nasser|13025607
cho_diax_1960_0000_000_0000|194|||
cho_diax_1960_0000_000_0000|195|||
cho_diax_1960_0000_000_0000|196|||
cho_diax_1960_0000_000_0000|197|||
cho_diax_1960_0000_000_0000|198|||
cho_diax_1960_0000_000_0000|199|||
cho_diax_1960_0000_000_0000|200|||
cho_diax_1960_0000_000_0000|201|||
cho_diax_1960_0000_000_0000|202|||
cho_diax_1960_0000_000_0000|203|||
cho_diax_1960_0000_000_0000|204||President Nasser|13025607
cho_diax_1960_0000_000_0000|205|||
cho_diax_1960_0000_000_0000|206|||
cho_diax_1960_0000_000_0000|207|||
cho_diax_1960_0000_000_0000|208|||
cho_diax_1960_0000_000_0000|209|||
cho_diax_1960_0000_000_0000|210||M. Ferhat Abbas|13699209
cho_diax_1960_0000_000_0000|211||M. Ferhat Abbas|13699209
cho_diax_1960_0000_000_0000|212|||
cho_diax_1960_0000_000_0000|213|||
cho_diax_1960_0000_000_0000|214|||
cho_diax_1960_0000_000_0000|215|||
cho_diax_1960_0000_000_0000|216|||
cho_diax_1960_0000_000_0000|217||M. Mongi Slim|22382166
cho_diax_1960_0000_000_0000|218|||
cho_diax_1960_0000_000_0000|219|||
cho_diax_1960_0000_000_0000|220|||
cho_diax_1960_0000_000_0000|221|||
cho_diax_1960_0000_000_0000|222|||
cho_diax_1960_0000_000_0000|223|||
cho_diax_1960_0000_000_0000|224|||
cho_diax_1960_0000_000_0000|225||Dwight D. Eisenhower|13029039
cho_diax_1960_0000_000_0000|226||Dr. Syngman Rhee|13718844
cho_diax_1960_0000_000_0000|227||President Eisenhower|13029039
cho_diax_1960_0000_000_0000|228|||
cho_diax_1960_0000_000_0000|229||President Eisenhower|13029039
cho_diax_1960_0000_000_0000|230||President Eisenhower|13029039
cho_diax_1960_0000_000_0000|231|||
cho_diax_1960_0000_000_0000|232|||
cho_diax_1960_0000_000_0000|233|||
cho_diax_1960_0000_000_0000|234||A. Sukarno|13722204
cho_diax_1960_0000_000_0000|234||Khrushchov|13009820
cho_diax_1960_0000_000_0000|235||M. Daoud|
cho_diax_1960_0000_000_0000|235||N. Khrushchov|13009820
cho_diax_1960_0000_000_0000|236|||
cho_diax_1960_0000_000_0000|237||Mr. Chou En-lai|13697428
cho_diax_1960_0000_000_0000|238|||
cho_diax_1960_0000_000_0000|239||Jawaharlal Nehru|13025834
cho_diax_1960_0000_000_0000|240||Chou En-Lai|13697428
cho_diax_1960_0000_000_0000|241||Mr. Nehru|13025834
cho_diax_1960_0000_000_0000|241||Mr. Chou En-lai|13697428
cho_diax_1960_0000_000_0000|242|||
cho_diax_1960_0000_000_0000|243|||
cho_diax_1960_0000_000_0000|244|||
cho_diax_1960_0000_000_0000|245|||
cho_diax_1960_0000_000_0000|246|||
cho_diax_1960_0000_000_0000|247|||
cho_diax_1960_0000_000_0000|248|||
cho_diax_1960_0000_000_0000|249|||
cho_diax_1960_0000_000_0000|250|||
cho_diax_1960_0000_000_0000|251|||
cho_diax_1960_0000_000_0000|252|||
cho_diax_1960_0000_000_0000|253|||
cho_diax_1960_0000_000_0000|254||Mr. Chou En-lai|13697428
cho_diax_1960_0000_000_0000|255|||
cho_diax_1960_0000_000_0000|256|||
cho_diax_1960_0000_000_0000|257|||
cho_diax_1960_0000_000_0000|258|||
cho_diax_1960_0000_000_0000|259|||
cho_diax_1960_0000_000_0000|260|||
cho_diax_1960_0000_000_0000|261|||
cho_diax_1960_0000_000_0000|262|||
cho_diax_1960_0000_000_0000|263|||
cho_diax_1960_0000_000_0000|264|||
cho_diax_1960_0000_000_0000|265|||
cho_diax_1960_0000_000_0000|266|||
cho_diax_1960_0000_000_0000|267|||
cho_diax_1960_0000_000_0000|268|||
cho_diax_1960_0000_000_0000|269||Mr. Nehru|13025834
cho_diax_1960_0000_000_0000|270|||
cho_diax_1960_0000_000_0000|271|||
cho_diax_1960_0000_000_0000|272|||
cho_diax_1960_0000_000_0000|273|||
cho_diax_1960_0000_000_0000|274||President Eisenhower|13029039
cho_diax_1960_0000_000_0000|275|||
cho_diax_1960_0000_000_0000|276|||
cho_diax_1960_0000_000_0000|277|||
cho_diax_1960_0000_000_0000|278||Patricio Fern?ndez President|22382337
cho_diax_1960_0000_000_0000|278||Eduardo Zuniga Secretary General|
cho_diax_1960_0000_000_0000|279|||
cho_diax_1960_0000_000_0000|280||Mr. Khrushchev|13009820
cho_diax_1960_0000_000_0000|281|||
cho_diax_1960_0000_000_0000|282|||
cho_diax_1960_0000_000_0000|283|||
cho_diax_1960_0000_000_0000|284|||
cho_diax_1960_0000_000_0000|285|||
cho_diax_1960_0000_000_0000|286||Senor Jos? Correa|22382747
cho_diax_1960_0000_000_0000|287||Mr. Dillon|14963970
cho_diax_1960_0000_000_0000|288||Se?or Arcaya|22382740
cho_diax_1960_0000_000_0000|289||Mr. Herter|13657015
cho_diax_1960_0000_000_0000|290|||
cho_diax_1960_0000_000_0000|291||Se?or Turbay|13009176
cho_diax_1960_0000_000_0000|292||Mr. Herter|13657015
cho_diax_1960_0000_000_0000|293||Se?or Roa|14326616
cho_diax_1960_0000_000_0000|294|||
cho_diax_1960_0000_000_0000|295|||
cho_diax_1960_0000_000_0000|296||Mr. Dillon|14963970
cho_diax_1960_0000_000_0000|297|||
cho_diax_1960_0000_000_0000|298|||
cho_diax_1960_0000_000_0000|299|||
cho_diax_1960_0000_000_0000|300|||
cho_diax_1960_0000_000_0000|301||President Eisenhower|13029039
cho_diax_1960_0000_000_0000|302|||
cho_diax_1960_0000_000_0000|303|||
cho_siax_1936_0000_000_0000|1|||
cho_siax_1936_0000_000_0000|2|||
cho_siax_1936_0000_000_0000|3||Arnold J. Toynbee|13681323
cho_siax_1936_0000_000_0000|4|||
cho_siax_1936_0000_000_0000|5|||
cho_siax_1936_0000_000_0000|6|||
cho_siax_1936_0000_000_0000|7|||
cho_siax_1936_0000_000_0000|8|||
cho_siax_1936_0000_000_0000|9|||
cho_siax_1936_0000_000_0000|10|||
cho_siax_1936_0000_000_0000|11|||
cho_siax_1936_0000_000_0000|12|||
cho_siax_1936_0000_000_0000|13|||
cho_siax_1936_0000_000_0000|14|||
cho_siax_1936_0000_000_0000|15|||
cho_siax_1936_0000_000_0000|16|||
cho_siax_1936_0000_000_0000|17|||
cho_siax_1936_0000_000_0000|18|||
cho_siax_1936_0000_000_0000|19|||
cho_siax_1936_0000_000_0000|20|||
cho_siax_1936_0000_000_0000|21|||
cho_siax_1936_0000_000_0000|22|||
cho_siax_1936_0000_000_0000|23|||
cho_siax_1936_0000_000_0000|24||H. V. Hodson|14537022
cho_siax_1936_0000_000_0000|25|||
cho_siax_1936_0000_000_0000|26|||
cho_siax_1936_0000_000_0000|27|||
cho_siax_1936_0000_000_0000|28|||
cho_siax_1936_0000_000_0000|29|||
cho_siax_1936_0000_000_0000|30|||
cho_siax_1936_0000_000_0000|31|||
cho_siax_1936_0000_000_0000|32|||
cho_siax_1936_0000_000_0000|33|||
cho_siax_1936_0000_000_0000|34|||
cho_siax_1936_0000_000_0000|35|||
cho_siax_1936_0000_000_0000|36|||
cho_siax_1936_0000_000_0000|37|||
cho_siax_1936_0000_000_0000|38|||
cho_siax_1936_0000_000_0000|39|||
cho_siax_1936_0000_000_0000|40|||
cho_siax_1936_0000_000_0000|41|||
cho_siax_1936_0000_000_0000|42|||
cho_siax_1936_0000_000_0000|43|||
cho_siax_1936_0000_000_0000|44|||
cho_siax_1936_0000_000_0000|45|||
cho_siax_1936_0000_000_0000|46|||
cho_siax_1936_0000_000_0000|47|||
cho_siax_1936_0000_000_0000|48|||
cho_siax_1936_0000_000_0000|49|||
cho_siax_1936_0000_000_0000|50|||
cho_siax_1936_0000_000_0000|51|||
cho_siax_1936_0000_000_0000|52|||
cho_siax_1936_0000_000_0000|53|||
cho_siax_1936_0000_000_0000|54|||
cho_siax_1936_0000_000_0000|55|||
cho_siax_1936_0000_000_0000|56|||
cho_siax_1936_0000_000_0000|57|||
cho_siax_1936_0000_000_0000|58|||
cho_siax_1936_0000_000_0000|59|||
cho_siax_1936_0000_000_0000|60|||
cho_siax_1936_0000_000_0000|61|||
cho_siax_1936_0000_000_0000|62|||
cho_siax_1936_0000_000_0000|63||D. A. Routh|
cho_siax_1936_0000_000_0000|64|||
cho_siax_1936_0000_000_0000|65|||
cho_siax_1936_0000_000_0000|66|||
cho_siax_1936_0000_000_0000|67|||
cho_siax_1936_0000_000_0000|68|||
cho_siax_1936_0000_000_0000|69|||
cho_siax_1936_0000_000_0000|70|||
cho_siax_1936_0000_000_0000|71|||
cho_siax_1936_0000_000_0000|72|||
cho_siax_1936_0000_000_0000|73||H. Beeley|14384433
cho_siax_1936_0000_000_0000|74|||
cho_siax_1936_0000_000_0000|75|||
cho_siax_1936_0000_000_0000|76|||
cho_siax_1936_0000_000_0000|77|||
cho_siax_1936_0000_000_0000|78|||
cho_siax_1936_0000_000_0000|79|||
cho_siax_1936_0000_000_0000|80|||
cho_siax_1936_0000_000_0000|81|||
cho_siax_1936_0000_000_0000|82||Katharine Duff|
cho_siax_1936_0000_000_0000|83|||
cho_siax_1936_0000_000_0000|84|||
cho_siax_1936_0000_000_0000|85|||
cho_siax_1936_0000_000_0000|86||G. E. Hubbard|22218394
cho_siax_1936_0000_000_0000|87|||
cho_siax_1936_0000_000_0000|88|||
cho_siax_1936_0000_000_0000|89|||
cho_siax_1936_0000_000_0000|90|||
cho_siax_1936_0000_000_0000|91|||
cho_siax_1936_0000_000_0000|92|||
cho_siax_1936_0000_000_0000|93|||
cho_siax_1936_0000_000_0000|94|||
cho_siax_1936_0000_000_0000|95|||
cho_siax_1936_0000_000_0000|96|||
cho_siax_1936_0000_000_0000|97|||
cho_siax_1936_0000_000_0000|98|||
cho_siax_1936_0000_000_0000|99|||
cho_siax_1939-1946_0009_000_0000|1|||
cho_siax_1939-1946_0009_000_0000|2|||
cho_siax_1939-1946_0009_000_0000|3|||
cho_siax_1939-1946_0009_000_0000|4|||
cho_siax_1939-1946_0009_000_0000|5||Arnold Toynbee|13681323
cho_siax_1939-1946_0009_000_0000|6|||
cho_siax_1939-1946_0009_000_0000|7|||
cho_siax_1939-1946_0009_000_0000|8||Arnold Toynbee|13681323
cho_siax_1939-1946_0009_000_0000|9|||
cho_siax_1939-1946_0009_000_0000|10|||
cho_siax_1939-1946_0009_000_0000|11|||
cho_siax_1939-1946_0009_000_0000|12|||
cho_siax_1939-1946_0009_000_0000|13|||
cho_siax_1939-1946_0009_000_0000|14|||
cho_siax_1939-1946_0009_000_0000|15|||
cho_siax_1939-1946_0009_000_0000|16||R. G. Hawtrey|14536297
cho_siax_1939-1946_0009_000_0000|17||F. Ashton-Gwatkin|22349558
cho_siax_1939-1946_0009_000_0000|18|||
cho_siax_1939-1946_0009_000_0000|19|||
cho_siax_1939-1946_0009_000_0000|20|||
cho_siax_1939-1946_0009_000_0000|21|||
cho_siax_1939-1946_0009_000_0000|22|||
cho_siax_1939-1946_0009_000_0000|23|||
cho_siax_1939-1946_0009_000_0000|24|||
cho_siax_1939-1946_0009_000_0000|25|||
cho_siax_1939-1946_0009_000_0000|26|||
cho_siax_1939-1946_0009_000_0000|27||Sidney Lowery|
cho_siax_1939-1946_0009_000_0000|28|||
cho_siax_1939-1946_0009_000_0000|29|||
cho_siax_1939-1946_0009_000_0000|30|||
cho_siax_1939-1946_0009_000_0000|31|||
cho_siax_1939-1946_0009_000_0000|32|||
cho_siax_1939-1946_0009_000_0000|33|||
cho_siax_1939-1946_0009_000_0000|34|||
cho_siax_1939-1946_0009_000_0000|35||Sidney Lowery|
cho_siax_1939-1946_0009_000_0000|36|||
cho_siax_1939-1946_0009_000_0000|37|||
cho_siax_1939-1946_0009_000_0000|38|||
cho_siax_1939-1946_0009_000_0000|39||Sidney Lowery|
cho_siax_1939-1946_0009_000_0000|40|||
cho_siax_1939-1946_0009_000_0000|41|||
cho_siax_1939-1946_0009_000_0000|42||Sidney Lowery|
cho_siax_1939-1946_0009_000_0000|43|||
cho_siax_1939-1946_0009_000_0000|44|||
cho_siax_1939-1946_0009_000_0000|45|||
cho_siax_1939-1946_0009_000_0000|46|||
cho_siax_1939-1946_0009_000_0000|47|||
cho_siax_1939-1946_0009_000_0000|48|||
cho_siax_1939-1946_0009_000_0000|49|||
cho_siax_1939-1946_0009_000_0000|50||Sidney Lowery|
cho_siax_1939-1946_0009_000_0000|51|||
cho_siax_1939-1946_0009_000_0000|52|||
cho_siax_1939-1946_0009_000_0000|53|||
cho_siax_1939-1946_0009_000_0000|54|||
cho_siax_1939-1946_0009_000_0000|55|||
cho_siax_1939-1946_0009_000_0000|56||Sidney Lowery|
cho_siax_1939-1946_0009_000_0000|57|||
cho_siax_1939-1946_0009_000_0000|58|||
cho_siax_1939-1946_0009_000_0000|59|||
cho_siax_1939-1946_0009_000_0000|60|||
cho_siax_1939-1946_0009_000_0000|61|||
cho_siax_1939-1946_0009_000_0000|62|||
cho_siax_1939-1946_0009_000_0000|63||Sidney Lowery|
cho_siax_1939-1946_0009_000_0000|64|||
cho_siax_1939-1946_0009_000_0000|65|||
cho_siax_1939-1946_0009_000_0000|66|||
cho_siax_1939-1946_0009_000_0000|67|||
cho_siax_1939-1946_0009_000_0000|68||Hugh Seton-Watson|14329074
cho_siax_1939-1946_0009_000_0000|69|||
cho_siax_1939-1946_0009_000_0000|70|||
cho_siax_1939-1946_0009_000_0000|71|||
cho_siax_1939-1946_0009_000_0000|72||Hugh Seton-Watson|14329074
cho_siax_1939-1946_0009_000_0000|73||Elizabeth Wiskemann|15032141
cho_siax_1939-1946_0009_000_0000|74||William H. McNeill|13735170
cho_siax_1939-1946_0009_000_0000|75|||
cho_siax_1939-1946_0009_000_0000|76||Katharine Duff|
cho_siax_1939-1946_0009_000_0000|77|||
cho_siax_1939-1946_0009_000_0000|78|||
cho_siax_1939-1946_0009_000_0000|79|||
cho_siax_1939-1946_0009_000_0000|80|||
cho_siax_1939-1946_0009_000_0000|81|||
cho_siax_1939-1946_0009_000_0000|82|||
cho_siax_1939-1946_0009_000_0000|83|||
cho_siax_1939-1946_0009_000_0000|84|||
cho_siax_1939-1946_0009_000_0000|85|||
cho_siax_1939-1946_0009_000_0000|86|||
cho_siax_1939-1946_0009_000_0000|87|||
cho_siax_1939-1946_0009_000_0000|88|||
cho_siax_1939-1946_0009_000_0000|89||Margaret Carlyle|22382852
cho_siax_1939-1946_0009_000_0000|90|||
cho_siax_1939-1946_0009_000_0000|91|||
cho_siax_1939-1946_0009_000_0000|92|||
cho_siax_1939-1946_0009_000_0000|93|||
cho_siax_1939-1946_0009_000_0000|94|||
cho_siax_1939-1946_0009_000_0000|95|||
cho_siax_1939-1946_0009_000_0000|96|||
cho_siax_1939-1946_0009_000_0000|97|||
cho_siax_1939-1946_0009_000_0000|98|||
cho_siax_1939-1946_0009_000_0000|99||Viscount Chilston|
cho_siax_1939-1946_0009_000_0000|100|||
cho_siax_1939-1946_0009_000_0000|101|||
cho_siax_1939-1946_0009_000_0000|102|||
cho_siax_1939-1946_0009_000_0000|103|||
cho_siax_1939-1946_0009_000_0000|104|||
cho_siax_1939-1946_0009_000_0000|105|||
cho_siax_1939-1946_0009_000_0000|106|||
cho_siax_1939-1946_0009_000_0000|107|||
cho_siax_1939-1946_0009_000_0000|108|||
cho_siax_1939-1946_0009_000_0000|109|||
cho_siax_1939-1946_0009_000_0000|110|||
cho_siax_1939-1946_0009_000_0000|111|||
cho_siax_1939-1946_0009_000_0000|112|||
cho_siax_1939-1946_0009_000_0000|113|||
cho_siax_1939-1946_0009_000_0000|114|||
cho_siax_1939-1946_0009_000_0000|115|||
cho_siax_1939-1946_0009_000_0000|116|||
cho_siax_1939-1946_0009_000_0000|117|||
cho_siax_1939-1946_0009_000_0000|118|||
cho_siax_1939-1946_0009_000_0000|119|||
cho_siax_1939-1946_0009_000_0000|120|||
cho_siax_1939-1946_0009_000_0000|121|||
cho_siax_1939-1946_0009_000_0000|122|||
cho_siax_1939-1946_0009_000_0000|123|||
cho_siax_1939-1946_0009_000_0000|124|||
cho_siax_1952_0000_000_0000|1|||
cho_siax_1952_0000_000_0000|2|||
cho_siax_1952_0000_000_0000|3|||
cho_siax_1952_0000_000_0000|4||Peter Calvocoressi|14616117
cho_siax_1952_0000_000_0000|5|||
cho_siax_1952_0000_000_0000|6|||
cho_siax_1952_0000_000_0000|7||Arnold Toynbee|13681323
cho_siax_1952_0000_000_0000|8|||
cho_siax_1952_0000_000_0000|9|||
cho_siax_1952_0000_000_0000|10|||
cho_siax_1952_0000_000_0000|11|||
cho_siax_1952_0000_000_0000|12|||
cho_siax_1952_0000_000_0000|13|||
cho_siax_1952_0000_000_0000|14|||
cho_siax_1952_0000_000_0000|15|||
cho_siax_1952_0000_000_0000|16|||
cho_siax_1952_0000_000_0000|17|||
cho_siax_1952_0000_000_0000|18|||
cho_siax_1952_0000_000_0000|19|||
cho_siax_1952_0000_000_0000|20|||
cho_siax_1952_0000_000_0000|21|||
cho_siax_1952_0000_000_0000|22|||
cho_siax_1952_0000_000_0000|23|||
cho_siax_1952_0000_000_0000|24|||
cho_siax_1952_0000_000_0000|25|||
cho_siax_1952_0000_000_0000|26|||
cho_siax_1952_0000_000_0000|27|||
cho_siax_1952_0000_000_0000|28|||
cho_siax_1952_0000_000_0000|29||George Kirk|14643379
cho_siax_1952_0000_000_0000|30|||
cho_siax_1952_0000_000_0000|31|||
cho_siax_1952_0000_000_0000|32|||
cho_siax_1952_0000_000_0000|33||George Kirk|14643379
cho_siax_1952_0000_000_0000|34|||
cho_siax_1952_0000_000_0000|35|||
cho_siax_1952_0000_000_0000|36|||
cho_siax_1952_0000_000_0000|37|||
cho_siax_1952_0000_000_0000|38|||
cho_siax_1952_0000_000_0000|39|||
cho_siax_1952_0000_000_0000|40|||
cho_siax_1952_0000_000_0000|41|||
cho_siax_1952_0000_000_0000|42|||
cho_siax_1952_0000_000_0000|43|||
cho_siax_1952_0000_000_0000|44|||
cho_siax_1952_0000_000_0000|45||F. C. Jones|22236189
cho_siax_1952_0000_000_0000|46|||
cho_siax_1952_0000_000_0000|47|||
cho_siax_1952_0000_000_0000|48|||
cho_siax_1952_0000_000_0000|49|||
cho_siax_1952_0000_000_0000|50|||
cho_siax_1952_0000_000_0000|51|||
cho_siax_1952_0000_000_0000|52|||
cho_siax_1952_0000_000_0000|53|||
cho_siax_1952_0000_000_0000|54|||
cho_siax_1952_0000_000_0000|55|||
cho_siax_1952_0000_000_0000|56|||
cho_siax_1952_0000_000_0000|57|||
